arrival_rate,service_rate,queue_capacity,simulation_time,avg_wait_time
2.654892658496138,5.894091686961235,11,142,0.14952961625752836
3.5493962153543497,4.187475915645283,29,127,1.2988106685333272
0.9099043098364827,3.49574204969125,21,65,0.08832961971341274
3.7535074048701293,1.880468246873582,11,193,51.30257914883349
2.4143387920192856,5.474273308405712,27,55,0.0950710638776345
2.904631894754117,5.163080678124638,15,112,0.19551481551393543
3.700272782067974,2.8068017563593104,31,109,14.53904637893481
3.1647456942558896,5.852737374358299,39,94,0.13685823071669254
1.473135064155823,5.323168812032837,30,144,0.08056666638782214
4.584290283220781,3.4179366670336377,29,68,10.013173957914297
4.580615850885358,2.1844070017849777,44,110,23.72044348465093
3.325169205601331,2.4167211567513656,25,173,27.876974641765486
1.1506566497141177,3.2638334049638518,21,170,0.1325424677401357
0.9643209285342822,2.2996103651721294,22,181,0.2531308464535456
4.390899878770516,2.0883921465473363,18,131,33.1882629954061
0.901452987049293,4.727607383007866,39,87,0.11228198917940885
4.277948583377128,5.409262829367215,13,52,0.6463216648977371
3.914441638501077,5.12427014173698,13,57,0.2700976284417717
1.0839230408554854,1.18437258854348,33,98,1.2805162961608771
2.0953828187926877,5.444481090657387,49,89,0.10575608743708201
2.1667686561065578,1.5884778047682433,44,123,15.896843365265605
4.7045344933375155,1.947146655790898,12,196,48.99908223656338
4.61304452493377,3.9979146604963876,22,104,6.543178486092593
3.1238093574980246,1.3278412686284704,37,194,57.158959689809514
1.9211097704410491,1.8843335907360665,30,53,0.7302006296547805
4.821380377741864,1.072931475836766,36,73,27.45681315250183
3.9740297872592234,2.0325715191757197,37,167,38.021177013756386
1.1151210456778298,5.251325301285258,6,116,0.06631198910390015
3.8316545941088966,1.3724922936758484,8,123,40.72223731005131
3.5782441325992096,2.182448435317658,38,92,11.982107656374229
2.6403764554970524,3.286807250936442,30,148,2.0360114743819793
4.027891357241773,4.3782724018695625,47,80,1.2703027721783886
0.5276759194021778,3.536959903357992,7,192,0.02232823091719509
2.080380250373144,4.242924901654707,36,154,0.26772692400150944
4.119535729808456,4.061856513817544,23,136,3.722644346811307
1.8982114725710408,1.0485830447047224,42,139,23.524839185615384
1.6997816435436826,1.1668351606303242,37,195,20.625821988987393
4.14448560003317,1.7573798777607617,19,175,51.43216268947337
2.882371458596031,3.322617011333476,9,175,1.1280623645140115
1.831324482439927,4.198909387184029,11,166,0.30233261552363444
3.209933214520029,3.9445190451504777,33,119,0.8982832036192508
2.3211773417491663,1.9178268872850748,47,167,21.15641610765025
3.68852729896371,4.906726465808607,22,71,1.138532649079379
2.76530778942453,2.793083910266148,44,155,2.483252646412952
2.4025326091764927,2.842170504887175,50,90,1.918038964042243
0.7704617080960559,4.433277789239531,23,138,0.04745446401048251
2.1969591285023222,3.225783726297042,36,153,0.6411803457393657
3.8825944141870243,1.3430569185837284,19,86,22.218360016707436
3.383417568175172,4.324230011199759,16,164,0.8897340351334823
3.6250350008577437,5.9688361639310115,12,65,0.20749473348358813
4.904609916854007,1.4293972803547441,34,159,53.24564335782262
1.2208827110347935,2.890407842109472,12,131,0.2613505684764627
1.4668664534888456,2.267575420487873,42,159,0.5479089794441893
2.756588014524012,3.775897913648845,41,158,0.4293644267564227
2.4772483053744243,1.1426532371857248,9,86,19.558396387502235
0.6867737497900954,5.859064355097486,8,61,0.01844749117082937
2.4348782452179636,2.2930286379613465,35,185,8.369872275322153
0.8124545722465579,1.53617828437874,29,137,0.6419977397115311
3.1850498668790626,1.003370240873981,27,125,39.93490717088848
1.353806626674633,4.129068482165495,49,116,0.18358712063688465
3.276731911135058,3.0642585086088667,37,155,19.135257047561748
1.2587540176263974,5.293319918666965,19,165,0.10153470260503121
2.4787120430652694,2.003955872602829,43,135,8.68305597754821
0.8631799013371413,4.132783483433027,36,120,0.03966632808899165
3.4341932582568027,1.620167598611372,39,199,53.59781354694472
4.057229415630538,3.778436666305046,9,57,4.555165045997254
1.6848521080273866,3.866678529209719,6,114,0.15342625475499014
3.3549530985619067,5.878588219174721,5,80,0.17043760928671184
3.866422461835244,5.4582064117826485,11,127,0.5549437821192685
3.1507331260057456,5.348853662172011,35,195,0.22565964840541958
4.738475763841487,3.06509425612526,14,141,24.727378848677205
3.3652478921584628,3.245787115921554,43,71,3.4251736303835756
0.9471798200715462,5.802425491830499,20,71,0.05626293759407409
2.793220549333157,3.146570365620844,43,74,0.561206246402435
3.9446224922632553,3.822510205275499,8,114,6.602496156576274
2.0799808098483146,1.792669556756314,41,105,5.085537520161397
4.045848684682168,3.6453820370523076,7,175,13.3125019184026
4.193725516339309,2.119379648673971,14,108,30.49313345126081
2.3358194873064164,2.7151566900283717,48,86,2.7497575921442174
4.085605077539665,4.1200794029956,49,106,2.6021788272683706
0.8934451785829111,2.409249132014265,27,181,0.12953931321778153
1.4241250331993203,4.36556884732982,24,145,0.06758292510811671
3.946300678560351,1.0873899505068825,33,142,51.72075003115308
1.080733569707072,1.98389978705892,37,88,0.11716003429430814
4.411678287286367,5.674359303792749,12,108,0.37391832755226706
3.8587591110951553,5.195254860592782,47,198,0.5788664916436487
1.2760404245299077,5.2772140844525435,7,89,0.06728220814101649
3.0963756041703645,1.0603133798992102,44,182,54.99510079253425
3.8646470643548683,2.9341031115506153,49,130,17.99615378257461
1.1233421064333577,4.549802137472221,34,155,0.04452804064223857
2.2775540297056547,1.6366503610309149,26,92,17.81270549790877
0.5286838662159125,2.5649446246429513,44,159,0.10952470324134478
1.8366332696114647,2.3913330684447667,28,157,1.4551786863251093
4.6399957743859455,4.642417035123288,29,100,1.5575248497755556
2.9612764189438407,1.1322473949049803,39,53,12.744140905564517
3.335352092749577,5.530868433892569,49,116,0.36671171270179415
1.2533509950187707,3.7175849613512764,41,157,0.11321456855431514
2.4603864348343567,1.9830638180425644,25,63,7.512162909671818
3.3220349337638275,4.6821425973372515,17,153,0.4532147571578693
2.1453772658863994,2.993976647228617,8,52,0.74313989909641
1.7940694034537676,2.0327562589222996,34,108,1.6049022608130132
2.452051243290258,3.6790384176479733,36,154,0.5798748703989685
2.6354890369349016,4.688389114944338,21,161,0.5096775729973725
4.651578111089171,5.0000348484929695,30,178,2.0158436760183376
3.4978745077466193,2.4655684072305224,13,146,26.5805131244021
3.0913597531235824,4.246856345782804,15,109,0.3284974459650176
3.033915485193765,5.041186847260437,5,56,0.27455773666082517
2.168314630756045,3.776644833876467,24,179,0.29099738941212094
1.2731753512106323,5.8344733743464126,14,136,0.022728630752940033
1.8667337275480107,4.173446602573508,15,156,0.2199971519059604
1.5860110965263086,5.981815867284532,10,174,0.05940304500866062
4.312436995271158,1.9394141509959952,15,68,18.751068105160385
2.751252441788079,1.3467746074655413,48,101,23.525198054442196
2.4397089831972174,3.4523736876248177,32,100,0.4170864213555414
4.543362167359819,2.0942083131098572,17,131,37.82883956663337
0.9429099404722502,5.076268023673957,20,159,0.038810722682937476
3.472218911128383,3.1350303814549005,12,93,6.5032567395930165
2.2195263327589476,5.943448100240456,48,101,0.1307724742754378
3.2804388464195364,4.270572743095936,7,64,0.6062882952468618
3.004394983314421,1.515956315053772,20,173,38.49336901019689
4.708348378424025,5.805012164036635,46,173,0.6214529748858568
4.400106673541373,4.963864646075283,34,96,0.812408196024779
4.311374145781921,5.330791838862455,17,132,0.5654836074676095
1.9438201997278175,4.1481599483577405,7,110,0.15968722623006432
2.587617613446671,4.261855710221907,46,146,0.3918046906543917
4.5692400237078985,3.9709564859804827,46,130,9.240315257751249
1.6957516329775806,1.5156889407168352,38,176,22.261957887077525
3.8384217662462605,2.0420336574128,5,105,32.05716435967955
4.368163419595449,5.049111112444559,27,79,0.8208207274998017
4.779513101087931,2.965378661988618,31,143,31.114331355836672
4.331903818467541,3.791706761626477,36,171,16.767052033079203
1.0885984896378083,1.4864925867778709,42,159,1.7802393606512221
3.668181360728494,4.047013318752551,47,81,1.6226189084426406
0.8523942408531651,5.1594120223045605,38,152,0.04254625967874363
2.165255507146185,4.995875391777361,45,182,0.19470895740029592
1.83468458961918,1.8177914600488068,14,70,1.9443974276603722
2.2638556060629216,5.388801533538014,12,107,0.16840872859840417
2.680583207172292,2.8326823045068856,42,174,1.2078587760490755
2.7691005115171086,2.155787624350787,37,66,6.59478378046033
4.988068541840689,2.8851615448332852,45,116,26.828136931357623
4.9960547748213555,2.5020562915913906,42,166,40.773083715414465
4.724102310725118,5.412880779455252,23,189,1.1058424830363007
3.3218891628192737,4.906224075096941,25,131,0.3674332094456881
2.6720114212233756,4.936127295014457,6,188,0.2799681282308371
3.9178950507021963,2.7774422135179586,38,59,7.407098942832745
1.5078879611640832,3.2604275408901127,25,156,0.19902373288187944
3.083657725079437,4.03701689851799,34,155,1.2099155011558804
4.193379247402725,3.068320831916602,18,120,19.118164026904566
3.829137877908643,5.5429927605565155,19,169,0.5684815681598735
1.0167438973573169,1.125900061665491,15,156,2.7935909085064297
0.5031494045571386,3.5865155664773924,45,173,0.10886252345121562
4.432589334190265,4.742202997648,10,80,1.8376412117692167
1.2177633604528595,5.440609843067026,11,122,0.036231085826255366
3.0677181153048814,2.3352529599227725,39,193,36.20300567375498
4.923508867662027,2.3303578566094263,35,114,30.59247190637604
3.2916100570323725,2.58973195950811,17,132,14.533887440659974
3.327306499756118,5.683598533331165,8,112,0.20761211709179178
3.9456175004142,1.0936348623111742,10,108,35.25734015776584
4.290364064613331,5.5005707637702,13,139,0.5299600142714348
1.8654237567813952,3.5329538586719273,26,56,0.29923130065301135
0.952376527933121,3.8884188120659022,35,163,0.09413558943561906
1.808980753875175,3.5902129983117566,38,67,0.1833111046573735
1.2337928403196505,5.436442933433608,24,109,0.053475399565760875
2.0399679094912377,3.19762277111009,8,121,0.5617431155022857
3.646302066703499,4.140694146412466,44,192,2.1625469567059667
1.0014731267687007,3.29711770482949,15,143,0.12262268042267706
2.0428491949539938,1.0172521707237094,25,169,43.263735074658904
1.5405535821457907,3.8301557407379736,16,176,0.1881980044361933
2.253366605921007,2.5795530585301387,26,137,1.785670918342613
2.495156572802813,4.236040525757309,11,171,0.30217780246714926
3.449299068004942,1.3029685339553723,35,157,38.14196541201316
2.3839987581518685,4.294854456674043,29,84,0.19639804782415543
4.005812667476618,4.613984815638695,24,170,0.6221596110493132
1.4177074953390467,1.1084810925897988,21,194,25.107135715063436
3.6075770609942808,1.7887232684399892,13,146,38.5474147351248
1.9448052368588122,5.148119686295552,15,96,0.0780473167934416
2.867289103856724,2.8369492709430735,31,157,3.8925217042143516
4.121420559869213,1.402823715125984,7,123,40.868079396354325
2.1782186116331697,1.308066771829651,34,107,20.267060025149398
3.060229965293296,5.1015644849030055,10,190,0.28844235468319035
4.035984137043419,1.928719528400841,44,75,15.927909816027523
3.966003079307062,3.840276348998762,13,195,4.957550434159857
3.1792730140171512,2.061487984485427,22,173,35.439123101875
0.721239865644266,1.273981022989992,17,123,0.4076138944013435
2.471983739345508,4.446193013718802,33,194,0.24976146304870772
4.753342132430383,4.203595440651717,29,183,4.815313046695828
0.9067980237502933,5.146241302186712,19,189,0.053844755443381034
0.7170002881075735,3.654396333612552,22,98,0.13173153445991287
3.606354857212208,4.868967521324664,25,106,0.4838361304596067
2.8896633057123355,5.43353644015342,46,90,0.27664427989932605
3.9850773326879994,2.41032022574827,8,64,10.318239204793677
2.726858284395567,1.2946737615117385,46,150,42.562394604327274
1.6443542671822484,4.854115305999724,46,120,0.1044572786667411
3.9250439564499344,3.2440713319156815,41,180,14.648324552577972
1.6145195664136085,4.104622817145607,15,113,0.12363542940840455
2.4721160297295706,4.345886493481831,8,132,0.4135045290371616
3.0632741873698395,5.577001558232726,46,187,0.15024796950542177
2.3513993046727983,5.785610533741712,38,142,0.11273318384507522
2.7007990206868224,5.619540040866835,7,198,0.15403563889380054
2.6460009473673036,3.7490938877719633,33,186,0.5306173568383289
1.2096879986475588,4.12127015637501,12,176,0.1092384453128856
0.8855380837924511,1.705903785605,36,185,0.46451112093535496
3.638462183858282,5.281415036327805,35,168,0.23755212846590743
1.7191479663562779,5.7337931199319545,30,102,0.08777068700360233
1.0464423929828417,4.095491591788203,49,161,0.05054001175788793
2.6227592217145705,4.354204132014306,6,105,0.3404794040840338
0.5772430193238504,5.764390418975259,30,156,0.01729901256543714
1.9462075309087306,5.656937560673946,47,103,0.10107045020299776
1.8791873342133496,1.937341845089622,19,112,3.2181855775614694
0.6190987951652269,5.272772412376104,27,196,0.025027839052413993
4.402834734751874,5.42588403028356,7,100,0.5137327731160066
2.5368407271749307,5.643238631347043,23,93,0.13310923565127322
3.200365151554837,5.10775553520042,26,115,0.3519255330613291
4.627906732184578,5.059488523626427,48,110,0.8674066829155063
0.8121422578041018,4.002588149334633,9,183,0.05945655220520085
2.3660658785728215,4.488459678778587,7,91,0.33963808871553663
3.8179890042069973,5.259763739043764,21,133,0.4523217188179406
1.5858262693301197,3.5542309852249065,34,146,0.13481105180302827
2.522737107674858,1.5805402569619988,9,111,25.285889117346457
1.424254718572909,3.332563409589323,5,197,0.13691973305372546
1.7382794699064736,1.8587228759864312,40,161,2.222705486135188
2.207677778176132,3.089217060075482,36,138,1.7262165209991163
1.3783589803988778,2.8320433740374127,49,92,0.2729033617474344
2.9262502606402965,3.2738770974168903,33,159,2.2326050775504585
4.870395974996567,5.709758998362771,46,103,0.42658187246179013
1.8577521703668083,5.423909506867526,21,104,0.1120231096859319
4.685302320845422,2.2237183744330906,10,124,32.93106068337819
2.9631502820607913,5.895013264589197,40,160,0.23388932994411288
3.11477066353445,1.0986142530079133,42,111,38.86453054630647
2.2930688769572183,2.2478568785447877,36,188,12.346351760623707
4.1379403017965775,5.736786901407618,18,77,0.25323706099045695
1.3127109950966032,5.0402415003769745,28,107,0.08519511981343003
0.7842675159623262,5.496567986347979,15,156,0.017891000726496187
2.406502820285153,4.963436749762378,17,187,0.35242066904065017
4.250653787827187,5.200149844617648,46,199,0.6992166718256011
4.150873117749404,5.796095734740452,11,68,0.23012243133896135
3.98118157182975,1.2890012433964295,16,148,44.53057494382546
1.8127143417052216,2.3350091323896645,35,168,2.1937973303207605
1.8699339366435275,4.761373696404547,20,75,0.14196207087970106
2.4014592305550453,5.697068767590588,31,197,0.13116532594490612
0.5047726138987843,1.597317909164024,37,84,0.13636082484318693
2.918937347772806,4.162035239873841,45,65,0.22965965836515345
1.4447961655098867,2.184758729075521,50,147,1.252981571577548
2.6025001251758835,4.677006108255027,33,156,0.2616801223390339
4.913342600248729,5.062434378418837,31,123,2.5892576502269504
1.9138848576970922,1.2924396743230955,6,107,22.183639439899657
4.196179489318142,1.7615061161855918,8,138,33.721720922632244
1.0213462066239498,5.851910529377238,12,123,0.06190689347422676
0.6485871350138019,5.347609452962889,23,146,0.05282852463955592
3.9492580519201725,2.579827266659573,17,187,32.7876926257163
2.534739181105869,2.0127876088734955,10,146,15.90115589259327
3.024505620037087,4.000851807552786,5,153,0.8851953529653569
3.2326487204215746,2.0267461687520325,48,89,19.083509263038145
3.4915043994496235,3.904691000425082,10,112,2.766123986691432
3.710695620842247,1.2066868686192092,27,139,48.84734130762648
1.3188789255876148,1.2675548995941317,32,144,9.970553463977545
4.068417387506935,4.661291247020089,36,148,7.550608337442916
2.9188144487804903,4.264960538202891,45,89,0.3421664137115407
4.631058590421244,5.693422069191793,46,179,0.5697298646220086
1.5932474008774697,5.24976876202597,20,195,0.0960674744490722
3.8763967180688867,5.33962637212903,23,136,0.34390133513256405
3.42651764930689,1.3963300263233305,27,68,13.979027869120745
3.7352794161594125,2.2959452713641557,6,64,10.2320923294585
4.5786590460540975,3.1199329512512,45,126,20.499125921015796
2.753893342414254,4.667356838718197,38,169,0.24167497909665095
4.759207593703703,3.2223280232095153,41,82,16.66553633092987
4.598159347326318,4.159316942675593,29,91,7.315737068375074
3.967114965445937,5.445721992873408,12,145,0.5559991132815458
2.1055694087415606,4.876691823469606,37,62,0.10226391629572687
3.463191020238557,5.046519153576168,14,54,0.18589221433534497
1.315470845394438,5.381347114591858,16,163,0.0709906675368117
4.308087132139372,3.84030958933631,36,104,9.654457947426998
4.555449507171103,4.04939271102074,28,94,4.92968951948951
1.901341850475721,1.0976374019330324,29,115,22.68839071430922
2.8539859321818692,3.333335217763712,28,128,1.56569336974468
0.9586701468505314,2.0459094093778694,9,92,0.264506015236957
4.4357600791548,5.757657028211751,11,118,0.5142875269009882
1.5623455892666431,3.7917716957614838,49,81,0.2482229551312304
4.894272005753097,1.9031219251435303,6,147,40.852461157628994
2.301581924816858,2.74285929127812,23,84,0.5905334916691577
1.9764813102546548,1.0173080668359122,22,64,14.329995630039926
2.4868761470198093,4.113721490256648,39,90,0.2090757693164462
2.258306741612162,5.036570092517936,48,101,0.15781734151496762
0.7559395741924504,3.5377876843997225,26,197,0.12666493467810408
2.897468633348247,5.469412680765593,33,93,0.17759357705881595
3.7001073809645515,3.792888993248072,21,104,3.57207830253509
2.0715894117813596,2.999144822409458,30,127,0.6169108268694705
0.6820050506596333,5.628524297287016,33,145,0.06416950041362378
2.0483115311554534,3.8814234836472568,43,181,0.2455787673238613
4.527505205667464,4.977433811428446,22,74,1.918317317837429
1.9234386859258348,5.721618224085924,30,127,0.06633326793610109
2.363385130105569,2.2385959559115243,47,59,5.968118617049519
2.169460230651055,2.8522573778259015,29,168,0.5815482866829204
0.5974107696124854,2.5207925778061733,29,145,0.16108730641730648
3.748986502645277,5.366428507063993,20,105,0.4486002438196714
0.9481093453631508,1.0719072341580196,9,61,2.832925263174819
3.08949165724111,1.8043183837040935,8,199,27.241698078408245
4.477178151372764,1.091874826268119,22,80,31.824442567903787
4.672663536717138,2.7374403833028884,16,153,34.264948168647756
4.699685054312614,4.683428568690466,39,60,3.949322361781062
4.770287643659669,2.4050076725228937,24,190,41.16841420391136
1.428832841373167,1.286227856462125,48,173,8.878901697167299
3.658082406348227,4.1181270046515595,32,85,1.8458758396009425
0.7130370133758963,5.087808012279294,40,90,0.03212927501389803
4.536240561271099,4.63317252420183,9,109,1.454953162188031
0.733818681996864,3.6958957051774153,21,97,0.03632892392806302
1.753646155148945,3.2579044569778217,13,109,0.19426547628017793
0.553340068141059,1.8784553157413755,8,52,0.4127408434350696
2.1035923004871604,3.230595789500589,29,101,0.3855061783867795
4.123079867073632,2.6140772244821235,20,53,14.70590243082756
2.858884059042013,5.235455870141296,14,177,0.25286581181279943
2.6255653015799356,1.0530081541473364,32,192,60.40378922255026
1.9580878814673657,4.4864095967893824,41,79,0.15490742268308755
2.5602714407799474,5.910959103605451,42,181,0.13636933454930308
1.6804097567925287,5.04484696308458,42,96,0.1465830916108039
1.3416544262752836,1.008552086455376,19,122,20.668495272971974
3.6405213718621505,2.349379184875078,39,63,14.961648507024018
1.5213787235182408,2.425044092634213,40,183,0.6915404518346996
2.3250614765364186,4.11049696364732,17,139,0.20963972021345567
1.642180375044066,3.754210376846279,16,182,0.2674952167443609
1.3698401032823933,1.049022529740318,41,55,9.130700239924305
4.1174320885163205,1.6146125011481867,24,177,62.181586850319874
3.3448935790026373,2.3110741059789506,25,168,19.582204889676266
3.320756779565513,4.560686127235861,13,91,0.4071255083612232
2.517942036540682,2.8631975168109296,8,194,1.5717270617851633
1.5516018164689835,2.51753418617258,36,172,0.5446775228184618
2.02642440714632,5.02997384458766,47,191,0.09378569782831925
1.7858896851149288,4.8520857828601685,32,157,0.1445720414383386
4.3528193662693715,5.506334553664693,13,68,1.303579952755152
3.3342314097565557,1.9614859816808718,39,61,15.48362951600642
3.7036962118244814,4.472147414099318,43,149,0.6907791072034117
2.1282122008516597,4.317195054058874,6,114,0.18157088530771506
2.0588392999357916,5.788739294750731,29,195,0.08440333812442981
3.070101692903041,1.7296982738774034,13,157,28.585278883158168
2.278164734584756,5.332508745017398,6,128,0.09111644046215922
1.6814192745211924,5.432586194396947,11,166,0.0681312751252019
1.1277434000863826,4.0574153298163145,20,158,0.08995187312811023
1.3024776912628664,1.6953073161236452,24,199,1.3346638400732183
2.1447776999937203,1.9232519578501963,36,161,17.36932030001351
2.204719401255256,1.0504760421917194,49,123,35.64713625007826
2.004994160844383,1.3358409697932119,39,98,20.95746213576004
1.2826860181548336,1.6721929980919772,35,55,2.0998374953999046
1.6625733443958965,2.818237068235563,25,52,0.2669852053393343
3.1968603719610234,1.6472545364394344,28,187,45.940509611300946
0.780818206276467,3.4031668606849195,11,110,0.04906456296486012
3.759400615187242,5.895941581942326,37,71,0.2654154879774242
2.991603133145376,1.5135301697884191,14,171,40.40239574839066
4.748131073599036,5.60502884224573,28,75,0.29701118212766436
3.9930606421506205,4.223637759185065,40,200,2.3675696604930967
2.794716434361092,4.52447024606689,47,113,0.30304725015571937
0.8964911145201787,2.038492941825342,9,96,0.34866806051628146
4.554955895440187,2.694121562361628,20,55,10.211969321502028
2.0340735776112613,4.902060742855505,21,101,0.12481461168388022
3.9269031835629002,3.689960909904911,43,54,1.646891614959885
3.7497359206894907,4.552187185851847,27,178,0.6957050025666242
1.9642981644392556,4.562458725098927,41,101,0.14064395027522572
2.7413019298970864,3.86184319414319,30,195,0.5014924013861642
1.7914860681253169,1.3042377670178982,45,78,4.259697195042752
3.712706267287626,4.562778801627384,17,95,0.8452526935589963
1.9120217862063118,4.888128686152259,29,175,0.08994677249734723
2.9093033088253146,5.925789015036354,33,115,0.1947759164322503
4.323799357504745,4.795035514070932,17,113,0.8139270740877356
3.9631089048105546,4.182216301226562,21,59,6.12457180180546
1.9665543512655057,5.089963863342647,16,137,0.08115785689525301
0.653556180062415,2.3969371371421264,24,122,0.06303122152517397
3.827204755641392,5.19918687226256,15,142,0.35614118022617874
4.385632381466097,2.205935833937372,11,74,21.74708915130839
1.1541671765714017,3.062372119115976,25,56,0.12605425489381533
4.216958865517212,2.438338633822643,28,116,24.39097868471147
1.85129063346561,5.579397898924761,6,189,0.11792320351079763
1.9083662570030344,4.408336587882283,44,172,0.13495404393755256
4.21065006062566,3.722001818812776,33,87,4.779730665869712
3.23510151093565,1.2495003747178774,31,198,70.34671075735946
1.707668620531692,2.040538718144566,43,55,1.0458373646977095
1.0625193975462797,1.013897228178601,17,94,11.363078370329628
3.8149582343010677,1.0922374630288436,40,141,50.82167375014742
0.8187912302684808,1.5857081149310779,18,146,0.38995743837484254
1.2210492863151148,1.9531302294660997,23,101,0.5401024005068924
1.1582654828793113,2.8425675264400807,34,154,0.22309004081768233
1.8304971195537894,4.874493539384728,31,62,0.1051325459076053
3.787661194849221,3.7437148333376187,46,123,4.485837869945518
2.0210378861949656,5.651993041981438,17,107,0.08134366831068336
2.675994017949675,5.274880451155175,17,62,0.296849097922186
2.3246464215312237,5.708113015026743,32,63,0.10097586376347734
4.761378508168788,2.6905771849138147,50,105,23.057405919866735
3.653177884842348,2.3640475049826852,33,83,10.425103314405197
3.2434289929023135,3.5109805580973728,6,122,1.58284398432185
3.072661257666553,2.902696356918743,42,191,3.5698698066094754
0.9775706757060912,4.160885165133354,37,93,0.04345842410046174
0.8216299781895509,1.8308311053053163,41,138,0.4904984684777559
2.561420859341629,2.6043033055228135,30,60,1.5825151360889882
1.3413011403252177,4.738525974550539,18,102,0.1021958657112452
4.100360348075071,3.404375094193609,35,136,11.437331845936423
1.040745254416712,1.928835326837269,47,142,0.36845262078553925
4.090009400109133,2.1758461748868982,43,99,22.41106558499624
1.0700449501083775,2.4587200167570713,14,63,0.11410039942311842
2.8800447026126657,4.834657199633715,41,162,0.3157814823135478
1.1797148695308195,5.239936947117511,21,101,0.07041497163082751
2.972065326015926,2.030400323652688,41,58,10.660905389770624
2.8228189370097967,2.8565747615482615,23,66,3.352786236075583
4.55711998080616,3.34359573797237,39,196,23.757139667842505
1.5961167730561217,1.823154556151899,28,94,2.1601020404893867
3.892838219015039,2.455039684726388,39,121,22.88912726484846
3.5360945307374196,3.122029253248315,16,93,7.608675136608468
4.599096886199777,3.308836441098246,14,176,28.18688086493315
4.294610487598603,4.446289780164869,8,113,1.792814005122854
2.93350279358883,3.983942273692745,42,92,0.35830303961796195
0.7607812790820541,1.9637524886024766,8,190,0.35034478544720093
4.918956943007165,3.132218363586331,24,72,14.419487521209202
3.188866987440502,5.2217479456006535,9,184,0.3451118661407834
4.736019621955099,1.7619005776692978,45,87,24.089942312360847
3.8020337373309863,1.1256507446200406,34,59,20.875635172284415
2.533734947136834,5.1344685687072875,38,121,0.2183812569793401
2.0987050888890657,4.64380007162652,21,88,0.1586982334768125
3.34248506053307,3.4452899405594537,20,158,5.220137456234515
3.4684171385907487,1.4112404509733603,19,109,32.62927949176084
3.793233779835314,4.262262305000668,28,172,0.8063618285960089
3.06512720952173,5.896592621342822,39,85,0.19917300627388568
4.806535352882656,5.2901528899685974,40,192,2.2086578248722906
2.2316166897947687,4.621088440544307,6,51,0.32498938687424667
3.8611805185236276,3.5608315449774195,31,177,6.730501495167432
3.658798486012371,4.917304260990981,22,50,0.43440497060899425
4.455988122061026,3.071769830882203,50,189,30.426487282595822
3.6363596790533217,3.397991682686223,30,60,2.882798340754848
1.4598201983710282,5.312669050416368,12,173,0.054801490884054484
2.6138823205084396,4.284737632262483,48,100,0.32542851160599223
1.6042760377130676,3.1053424830920395,13,127,0.3377056389642111
3.4712534161994606,5.859978096247059,48,135,0.2118270936072875
1.1158043823867485,4.269823224609014,22,124,0.06641716452166939
0.9102762905513881,3.626185798240299,13,108,0.1254723341093703
1.9172316995310008,5.948787340887287,17,183,0.062480527403305786
1.5008511090175798,4.238944669765699,37,128,0.09644282366881556
0.5725844873067256,1.3054334713058733,34,100,0.9355900101537881
1.468611272002713,1.4477520413536955,33,94,1.0658281090599673
3.2117216983099866,5.048604709353386,43,65,0.29455604144791275
3.153740315733098,3.8485267337892797,34,93,1.6623796001278042
3.259082665435829,2.7024256645860874,45,132,22.033077687637697
2.9230629948785127,2.759727790069359,44,132,8.068545967512597
1.1266468151141111,3.488917449007783,22,166,0.09933758177457835
1.664739590295133,5.890689337374545,43,68,0.09782078872063707
3.198924496427529,3.9918494409766354,19,93,0.46436061183422894
3.694967554032189,5.664417382162604,29,52,1.9256828083215496
4.221337406360518,1.3850109105023003,42,155,49.261986865238796
1.4870915053508207,4.688314216173475,9,111,0.12874542846193435
1.9414073755131547,1.7160243026517354,6,180,27.023414139181558
3.8639410350062353,4.712617813599405,26,84,1.144082528484982
1.1974100880879464,5.3696308575485645,27,53,0.11092114952806811
0.7647353709201373,5.5821239395689215,15,154,0.02158321182320458
0.7378212953204581,5.576486971614096,33,151,0.03328147385857628
0.8682998597290414,4.813781693239145,26,84,0.04374920062075375
0.8145882873559505,1.0944086868444605,31,102,1.8306867505579778
1.8097906530845855,1.1547070167704327,7,73,18.441940790573057
1.0125549441605046,5.139626518640533,21,118,0.035719445482445
0.6003412593831926,1.784435332223009,28,67,0.040155914810557615
0.9947377877236736,2.1744334536286183,16,198,0.26188768040638605
3.41716742671327,3.6383228176225577,40,152,4.005151232457215
3.5924247613547777,4.316253389641195,50,188,0.6018242596790416
1.8933865510882615,1.478301477802527,31,175,21.49396421087784
1.8773902739202093,4.5785575560131795,22,91,0.2807030222766137
1.8376543994552004,4.499875378295394,25,161,0.1484988005438003
1.6242167127970746,1.7672962395484084,32,143,2.388294405775219
4.407165747119646,5.620281837826042,22,191,0.5126616409245612
1.848241542129375,1.1832323545464583,48,176,30.332520486780094
3.955135022153307,5.615959432720112,34,105,0.2857890731821806
2.55032444605244,5.697846820540603,40,75,0.1596419930477524
1.9089880444421614,3.7360085818140316,42,134,0.14889599947850557
3.6730171985236035,3.0975445407125464,31,129,14.707099068335848
4.616138257609531,1.0103443179419171,50,107,40.882420882816525
0.8939013316708126,1.6906570239324583,41,80,1.7755296236274098
4.16271012596719,1.7414937544271365,43,151,45.48963039199156
2.38522443108947,3.402072950601929,15,178,0.415736847316061
0.6528300944465191,2.669603864240412,37,173,0.026584054425177077
3.1176041956118055,1.8468647768918651,40,135,29.95898395056974
1.9183202449457089,2.9669917297413244,24,148,0.7020915106674156
1.4882226799040879,2.6075185542186388,21,71,0.3537264230929427
4.388488714855228,4.951048820518761,32,197,0.8475014515474475
1.947572707927048,2.7728993326602964,24,67,0.6972114381322148
4.9053233318349445,1.5651335432689297,47,72,24.002297552865517
0.5717959062597755,3.4769780809881956,19,72,0.04380304906870214
3.605252991648857,3.3798217102347587,44,126,4.329264873075521
2.550510973793899,3.7897057391560316,37,176,0.3378297176019749
0.6284920198566714,4.524868358751689,12,94,0.03152934408250278
4.985412437093244,5.817364152603848,38,62,0.9304289340969581
0.9667857119285106,2.0648320033234016,30,186,0.4395177231922226
1.8485057852941826,3.6853676949655174,36,193,0.216346423710143
3.2373273334509554,3.967686895137475,10,134,1.0109508718783426
3.547848838158947,4.142411081663348,17,76,0.5084112545262238
4.633648037643823,1.540342038618702,8,100,36.48546107836585
1.6048324270193588,4.079149022401517,47,74,0.0978428333284687
3.7759350975432424,4.737379866484716,13,144,0.6825309106084632
1.1913942917096023,1.8313973931493823,5,197,0.6468619007740025
1.9405215350187233,4.970174804658499,26,100,0.12333140755608298
2.106576773466397,3.857182403329779,47,194,0.3563595146651991
2.6598129857195865,5.37988959454782,36,182,0.08897318895221154
1.9576834487414276,4.04993029743253,27,173,0.2048202591020573
3.1991116212148007,1.2272207989233404,20,59,14.565090125869514
4.931638252328964,2.6025244263633627,5,82,18.34523059783263
2.225586422581382,5.293438646398295,39,80,0.08953124363661238
3.634405821908455,4.714797024083721,36,54,0.29046776328918256
2.6945311427617304,1.8108706104839103,39,138,27.406274577327643
1.8919565644395622,1.1432246758684026,10,65,10.45968028765667
2.981013484064524,4.504664623973008,9,168,0.317909326274142
4.819295501307062,4.644074716697137,11,70,3.91997610054388
4.764641384453882,4.007879621221752,8,165,15.911480451856356
2.519030153369699,4.523488326937992,40,182,0.2653407551421313
1.4121734283029652,2.9239791876301244,13,106,0.3436583772470232
0.6102482552231229,1.2435653723552589,10,127,0.35136529195351063
0.5158873164483588,1.8384580179601175,31,193,0.1881483009075776
4.464821489977418,1.4291114312329092,23,80,23.58643489186501
2.9589811621655655,2.1867572363075696,12,86,18.180950868360387
0.945217592378412,3.1877346632478094,13,134,0.06357314030539685
4.313730193365396,5.327326098114041,49,172,0.5206080652181819
0.7443118406318932,2.1588908357838923,28,150,0.14802353645517782
3.324246841137911,5.816128768254263,8,191,0.18691416468494623
3.4192427901475164,1.0920104284339245,26,124,40.08331599518266
3.696941961748035,3.8525608064014003,15,175,1.6134260992289633
3.7297980361262075,2.882081712140049,21,97,12.921731495500078
1.3476913001204427,1.7697691117550058,43,121,0.9196508111008781
1.7712708354951325,2.026140070584683,31,132,1.9235285432589933
1.0830702497064228,4.233704884595058,31,179,0.041439157758158894
4.2964446865117285,4.318965415361656,24,123,1.632353289269657
3.1176861621423697,1.203316776862346,32,178,56.34258378427546
1.4808189556169657,5.584529405750965,13,86,0.03707999550236621
4.720187110167406,4.6718817191951665,45,134,3.0497664536194526
4.872676310685312,2.583541737485983,6,151,37.34151686551674
3.1078751227653996,1.6388972373540103,42,133,36.70250755264468
3.8486483473463666,1.471972305352713,20,109,37.814565416553776
0.6847386515217917,1.6672529387307624,31,171,0.12055651705506142
2.6024831310186833,4.5720487097548475,10,107,0.3284274628208099
1.6650695345820525,4.222904207327437,5,150,0.13370993945795773
3.3437679341134676,4.535170548099873,32,156,0.5951087155671608
3.969664239329324,5.6250421649465565,46,141,0.32067446741122707
2.292528260298797,2.808055687010124,41,183,1.2395281548992783
3.6548881588012123,2.461904669984715,25,125,19.17450254670856
4.802525313013512,3.8078827020460113,47,102,8.21259876984031
2.4642262640315487,3.6923265541138335,22,106,0.7095789510052282
0.8518190623146809,1.1047964443330185,8,165,1.2693591769452366
2.922606247739994,1.3632399030976163,7,137,38.505520953489764
2.8249025996425843,3.4187390097288404,49,138,0.7020468042532485
4.747161682522623,1.6337947743706969,28,191,57.532493229182116
0.6462912692513262,3.9139224069412277,26,158,0.05728690768510301
2.620032108350986,2.113940970101272,14,126,11.701041719977786
4.888475771076463,2.6120732227170533,44,116,26.064574992052595
4.785350156125995,2.6031072810414937,29,147,36.06357163942589
4.501511028083001,1.640993387044833,6,101,31.82118991616052
2.5848192443464773,4.359808729517908,13,55,0.45894299889618895
2.116966929232044,2.7952036082433893,6,100,0.7086938280367852
1.4076164054673113,5.839465398279555,9,190,0.06171122486878316
1.870290190860544,1.2880889971544702,35,95,12.74547481642576
2.569729134470218,3.9429319138110266,16,165,0.3654980744474777
1.0801438872004931,3.005390020906913,14,56,0.20485255897744925
4.392103052914387,1.3720814616087986,29,123,34.80762180141364
0.986005420690437,3.998601791239403,36,53,0.1397853599340799
0.9512928622118328,1.7948728294106422,37,72,0.8879908119814963
4.163073618590959,3.9120019121627254,22,108,5.846273680695368
3.00188622978136,3.5022196886486463,24,199,1.2316954391707238
2.781211180575174,5.748184228604949,22,86,0.13380057354632324
1.8634955810537532,3.8586732618250075,40,131,0.2297382763124105
1.4050879088722672,2.1930659510253188,22,112,1.415599376267926
3.3945732567171456,3.6826994657016923,13,152,4.538706627600793
1.7809388850461187,5.77977840853225,14,139,0.06999678140194127
3.298757256804935,4.5294225328090105,17,159,0.48897468787730336
0.9307599735635597,1.0103706257779956,33,50,2.8313244951850867
4.362166446199845,3.712883032528314,41,157,10.633423827513521
4.942766440339741,2.8328600625272413,23,194,44.752457533115845
3.308337687357255,4.890860179330946,21,57,0.37069617027198726
2.8419603404412976,4.8557780907472985,26,78,0.2906987665219
3.5213594290002925,1.5599581178252326,9,80,22.934629036875943
2.6494272157803507,3.6158543092819664,5,168,0.8618786483310816
1.8828641680752845,2.9295506345764117,39,114,0.7441729078492871
2.3203225118851716,1.7596349296428984,24,90,17.343085585486207
3.7736449616662093,1.0398598660203957,29,76,24.71319410898486
2.0063980240309527,2.0206778355316826,35,74,1.0534211296155525
3.252837680282038,4.823388872856729,14,88,0.5083130787918798
0.6738559398236238,4.356400146167706,22,97,0.04553620243202535
2.2211124338254935,3.704707328138311,33,166,0.21525124216639066
0.7476844787666944,1.5531256864160343,23,162,0.7258165619309868
4.761357894320062,4.011669036172375,9,171,8.863695814868741
3.2371549299954436,5.039729935319095,50,57,0.4452921883525717
4.259638577303507,2.48571299399378,7,188,30.733944666053546
1.7761080746095013,5.328696777749136,7,180,0.0903734153210875
2.9188831316892117,1.2145756439415636,10,79,32.07904907601567
2.5286610395811193,2.0259524991380786,17,71,9.336999002251723
4.8136926542824146,4.568239770680732,40,168,2.420788188347481
0.9458686905574245,4.336442266817592,9,93,0.09844745271099815
3.0879406883846996,4.595131309531803,11,177,0.34670931363810353
4.712047272039038,5.001452568357256,18,117,2.3860772707880407
2.4482566305030344,3.950400259038603,38,159,0.18306968135937832
0.6694141751183088,5.472780439891172,48,179,0.01667814671757486
3.358800043692433,5.712928158920948,35,78,0.264435956339218
2.518546800618405,3.051610072055735,48,182,1.437843110843626
2.8507621910058023,2.4526119676101823,49,64,7.259939785113499
3.7562266011142973,3.411239518824101,34,115,5.481707037222165
4.5932467435808455,4.736292399948301,49,152,5.278080924801551
4.686936096986681,2.226984505606048,10,109,31.640051655824525
1.6098508424261246,4.143375406499498,7,64,0.2889166899830867
2.0466308939972455,4.333148216931892,23,66,0.18988311117507375
3.0508271708120414,3.5304386418684492,10,138,3.1121212184280225
3.772517724281613,2.764837510360216,7,137,11.676313123944627
4.230718834447695,3.0635205570194604,13,185,33.20781516664101
3.66639500576836,5.938860978858313,21,190,0.2398077128977372
1.274211218889445,4.861107236535849,12,60,0.11172952825038583
2.3261996416086594,1.6057874753860575,23,121,22.75320675877949
1.2530773111039262,5.163580626508637,12,146,0.05399531218031577
3.6686665342600855,2.135788916462224,37,77,17.690481313777102
2.787842231604062,1.2226655915837605,36,179,52.84438597716468
2.571506814142063,5.593221848325783,32,192,0.1554050213797002
3.0257800476114145,2.00491009579547,46,151,32.38445278030709
1.4292245997345927,3.537923775739484,15,106,0.21574250178892793
1.3425852038294892,5.8698056451764185,13,151,0.045231426054177105
2.6743817628608784,2.9538958971911224,48,156,4.102809706909973
2.6941827403429617,1.244030765069504,16,71,18.63807284583682
4.766364546400924,4.07952215154339,18,163,18.73757144932956
0.9509926081692345,1.5688245784040964,41,121,0.8799427683335095
2.8570704600826318,2.2113589038161305,11,118,10.375960556445548
1.3967724102199184,3.302296598839457,46,176,0.16885874749800936
1.740340496964851,5.2572018863490735,47,72,0.07959504039457743
2.989369530089822,3.789159114517592,34,196,0.4860929559992044
4.177909516966134,2.299107259020549,27,124,28.131899033664343
3.4391090449021045,4.139519632337099,6,181,0.7783275372011808
4.718559695517143,1.299779831614797,50,198,70.04418878188727
1.7869319214092965,2.377207483167658,21,125,0.6635217301606159
1.7947724622934078,4.29024313820608,44,98,0.17090553909270234
2.081963541797557,5.864286785762876,32,144,0.10992592486965647
3.1668480663775576,2.404519770107027,21,103,15.455485733369601
4.303420600849458,4.782476841048806,46,135,1.1171399690328503
2.042138898944177,4.6709766388052945,37,82,0.19024384852562684
0.6432020005341392,2.974545105576881,5,66,0.11070278131888675
2.938678191974372,4.35024603664412,32,170,0.6623546778431112
2.618451425860076,3.424844463359077,11,187,0.9524897558239086
1.225470365476701,2.85889360077109,37,173,0.27434292028236285
0.7545184052840814,4.055976265441999,17,191,0.02917633383701797
4.42237628585965,1.4676441611953503,45,64,22.25033763999362
2.2680938581446037,4.015227366210779,14,106,0.3445534128254431
3.683649531667882,5.844276738961801,24,100,0.3010154980162832
0.9220867765195908,1.954237734847518,33,91,0.9034321675195874
1.8185523679598008,4.444649197882876,13,81,0.31639577031647254
0.9421636845614265,2.639711758718386,50,81,0.09367332499555442
4.942353413219056,2.778502969157697,16,143,26.52077019348166
4.434439343607634,3.2352682367216827,33,156,25.47825096386385
4.27059147167952,4.381410031849421,49,75,1.173364185665431
2.0178994549333824,5.1453411259235065,46,120,0.1462394531718475
4.909540225990232,3.8261148620174574,27,196,18.7363596076756
3.765625332272179,5.059177592732138,44,62,0.5257353667310228
3.0060884191562898,5.7848907652095445,35,200,0.1723041321220663
3.1888005618489728,3.073199969675073,26,168,4.900777618974348
1.3447318864906197,4.713961800412743,44,161,0.07215448251973276
2.669614062737263,4.2089257629606,40,118,0.19704675838163938
1.4998108056754726,5.437878978283009,47,90,0.08160817441918786
4.335391394305964,1.9837928186232014,27,169,47.38428468465586
4.804113034634049,3.365307111755119,18,194,30.69792938103987
1.0102696485713514,1.0913572624497845,44,186,4.321058936894287
1.1148057518805172,2.5212241374166062,34,173,0.4167962954341101
1.4011344554340464,3.712440441056438,8,150,0.24828037990658267
3.9898651896651907,2.6665364396598092,32,108,12.319939589327067
1.5273545498752998,3.309345554087657,17,168,0.28891677398629934
4.256132804342527,5.956113805405368,9,148,0.5887194937177931
3.0842934494292824,4.620922249802811,25,75,0.5749514948584235
3.7626791243816644,5.4633795796097475,22,198,0.44162840098121603
2.411748144816354,1.397436920992011,40,117,28.174502938959257
4.689396429509167,2.4823723427469115,37,154,42.56001743327487
2.3904716555956163,3.5505847861618784,12,125,0.777542178238414
2.571580986413202,3.1647854045475254,26,153,2.155929471326883
4.713749974492531,4.135750269602346,7,184,15.403121109438521
2.475228281693462,2.32455947638668,23,157,9.206357105788431
4.210739832632318,2.8511664043526164,37,144,15.054945102261675
1.2743505845464398,2.215894700526717,22,175,0.6440916662774409
1.814809793266632,4.998606547363751,15,145,0.07330128469548862
2.7235269227923675,2.5330937591627047,42,108,2.1756581663186703
2.8546553771147476,2.4277096443311073,37,75,8.306501879495512
2.9325478796682862,1.9553744753037718,17,140,26.913211395119646
0.7003868381455092,4.97541888424368,39,196,0.04306359334510439
3.1081932221066952,5.559550234688964,25,168,0.1390900919956876
3.7987918217205334,5.90670233080027,35,101,0.2550678119043045
2.0481498500267477,5.207434908649631,39,182,0.14860480491358022
3.2180053033590794,4.403792205529193,43,92,0.5173004524613566
0.9311821767588312,2.3884507918035816,24,121,0.24846045919643048
3.704568233139452,3.426215730260844,36,100,3.9256662105973597
4.0692294812833305,5.304227270964722,16,119,0.8300934779154304
2.5215952425421317,1.8627117889230833,41,62,8.9409635018197
4.880963886227794,5.775638077027838,5,192,0.34693600943244035
4.2070160893128845,2.5127305238519795,28,157,29.994520386644986
0.8728348983265278,5.219453280899219,39,96,0.11191091820986049
3.6865481220483236,5.8698604834594414,39,84,0.1786556172942943
2.325147563476799,3.726166047902863,31,191,0.2880986517374801
2.3607478971202838,3.0487848305560363,42,123,1.366536099454993
4.163549403947814,2.450886029437199,20,155,32.38363324557336
4.31505609919209,2.6079650033375517,11,148,27.499913179963386
3.17156589141693,1.9786467809706678,17,71,15.365277287273004
1.5367278049491797,4.142540760107298,22,139,0.20340707344976
2.382857765728435,1.8852234060012099,19,134,7.916007537245638
2.119098918208345,5.811385149059598,36,191,0.10931571178168945
1.3750790265691584,2.916743862455437,30,67,0.1710405681315895
4.386417295173052,3.8741651676903013,35,139,11.272178948115496
4.156215869429,5.673807076064419,39,70,0.4082792628269412
3.3450537277299537,5.562101826895405,14,138,0.2890824290616496
0.6504906161329709,4.896279567785547,13,113,0.04994524239837989
3.940371696618821,5.042526363131636,19,107,0.8468754823354067
0.6486843315644415,2.0380572756951305,31,138,0.12267677195850768
2.3579767054920806,3.3075729310419355,49,173,1.2072868317746097
4.2736575497522225,1.3020677937103984,16,152,52.95163764663871
3.451839505611984,4.288682521561754,37,60,1.1027039261466782
1.5252754979258272,5.272424591597471,10,167,0.08343973230823284
3.3944405236812196,4.675762649322437,14,143,0.5115199028367953
1.594882203366801,4.44449669592576,6,158,0.09772547608686308
1.3362788859882992,3.8832183252195893,36,191,0.22153851881008926
1.2419853136066874,3.1061380082496255,39,147,0.29263622799408734
3.3794640556757254,5.517920832510981,6,64,0.49190582492897145
2.1007838132330185,4.175966192303075,18,89,0.2176958798597912
0.6242277170043735,1.0309837867789704,39,61,1.0503720562651355
0.7678438948874631,5.852400730098013,32,187,0.013914813083748237
1.0810640610220028,5.041540110761862,19,86,0.07979754996041946
4.367630169308544,1.7763066115611494,23,108,34.552794055924274
4.04374694309276,5.5458660471865,6,76,0.4626825321443205
4.865929571398789,2.153033613046548,43,60,15.90371937473587
1.0246704588604567,5.851447251832914,48,103,0.031532041263482566
2.1939222454345346,3.347102325499073,46,89,0.38979174202133793
2.069582471561424,5.529424495581934,38,61,0.11461615580600326
4.5532599830000295,2.772615424775924,45,137,24.443446326691628
1.5912489025383392,5.033065723699286,26,165,0.13234655866014902
4.770154021864253,2.073238190288203,25,110,28.58570391737706
3.2049438027098627,4.8515511610534015,42,157,0.30551892454215607
1.659236171184868,4.097135331045722,37,152,0.13556651115321036
4.943192846566377,3.15529000043974,41,177,32.20981665626598
0.5655213201926712,1.9180089401316294,41,150,0.1849162854449957
1.9402025249339356,4.737157269595236,22,142,0.10865895592967496
4.350301818866888,1.616035214838881,27,100,27.86095550364047
3.817990147788615,5.236642293104141,12,173,0.3612852968361731
2.629157890489375,3.026274671259894,50,181,2.1017406769141993
2.7182486253408937,5.007649540847237,19,200,0.2554564660106132
2.8309047730788217,3.9325792876798467,35,186,0.4287441647464287
1.6045693517262345,4.9765629747985916,13,191,0.09274347000747847
3.2920794343968582,3.1820263571629575,40,151,16.653627269523668
1.9800896371574916,4.462946191459725,27,126,0.13028892044416102
1.6071784025396207,3.4177597213869957,32,133,0.1466537116860751
3.2294678703319866,5.110220812517661,25,176,0.24328254224559873
2.9805336864772323,1.9232205515359753,45,60,11.73350665299423
0.648240108594855,5.021064420330908,39,182,0.05154272806418286
3.5371847158208003,2.1124211124105496,16,64,14.756910813602188
2.8410618977116937,1.9658559846504873,31,167,39.37482273025891
3.2540292601838097,5.579925547428693,24,174,0.2802348974354742
0.6672181111157544,2.096549211940631,6,108,0.20332508226456972
3.129258996656133,1.0070711674626027,6,58,19.730222271189287
4.483138820131554,5.857099183583781,26,139,0.7309007123141334
3.735055161519421,4.656970814183392,17,101,0.9938339840677746
1.5822277150626198,2.437832801616773,37,87,0.3440486005385756
2.8819734750436026,3.0537886035752173,44,82,1.8636367932949607
2.9175413625613555,3.979968436816271,22,172,0.5521086989731849
1.7847509133689998,1.9083104202487795,11,125,3.4158460513960214
3.1113323012827374,5.046475398785576,6,78,0.20628551279614307
4.038361088998388,2.329204836006581,23,138,32.79229960097568
4.171869992097076,1.6723271206723413,13,139,39.44467682300699
2.9242642169974613,5.280627245269816,40,58,0.288333079770596
1.7849201616768573,4.214301012023452,31,104,0.19534892090295294
3.6478243377244595,4.351735785839077,32,83,0.5806940441278174
3.479293194568275,1.2447600842393367,33,55,16.407203276952696
4.775445113140114,5.049465056363951,34,158,2.89030451055227
2.7763207377776595,3.911988666289167,24,157,0.6950701344366752
3.875169168234069,3.137872979543898,11,94,13.088984116373142
2.808260154447058,4.1496449540183935,45,75,0.3407480120701545
2.0146867824981483,4.309922432313716,30,92,0.2376478968243068
1.2102434438826868,5.276158839226706,45,101,0.030261755797352206
0.9676627108300216,2.4362797795008015,19,175,0.2783411600034273
3.462148263274969,5.33632234723669,6,144,0.39418579553305894
0.5213204166881902,1.6875461604447475,10,108,0.521761714694072
0.7436873866120572,1.281126848999595,22,88,1.2739063388055782
0.673439358548768,1.3108538488441677,18,91,0.20764807273808053
3.904481711437785,1.4231451698628002,21,52,19.841413862821785
2.0149649760809147,3.554586117975151,18,164,0.39039254532042356
4.028166341420782,3.5684870389615755,23,169,11.898055646224334
4.317197371693094,2.6036480081502704,15,53,6.571453251871758
4.481218925374046,2.016447416721305,6,55,14.91622328847556
2.522680030134323,3.52856822884858,25,161,0.7272985880743393
1.74969718654135,5.664444512792228,14,144,0.13710867083226097
2.8954202165430796,2.3122869107851196,36,114,12.720900600741254
4.3934196251820445,4.606305005234232,23,98,0.7342073922813447
3.390110813271711,3.090531623607082,10,110,4.31645042842429
4.81766308936241,5.978233137046561,22,148,0.7640830859426524
4.095977161708517,2.289215931945869,48,182,43.05159015055768
1.40682580446034,1.0645785130268284,30,107,20.00187183767047
2.5891345646650503,2.0376626779219893,5,167,11.207950358884453
1.599569606758246,5.614152908318326,15,184,0.06941685974216706
3.9722758359091803,4.075820395640347,46,193,2.215957046906688
0.7981921844244234,3.235087909571802,17,67,0.11612116451904977
4.693275226594894,1.148319572393853,39,117,47.67132471451631
4.10708722262682,4.64604435488115,29,107,1.3288805230375638
0.5014672023094454,3.46956287403979,32,197,0.026858339193891197
3.015491777427382,1.2039021047265916,41,149,43.964190245963295
3.944250700151427,3.0702056305112637,27,124,12.225956050514101
4.26342104146236,2.7071260611664636,15,122,20.578272988738757
3.605957095706639,5.409885793406487,8,175,0.2947223979540407
1.6472596943829227,2.1642710652858073,35,82,2.279226857665249
2.7066213666935877,2.6402148857642365,29,50,8.892028581852669
2.5495641110352967,2.2729318458059207,31,110,10.995286022041823
2.3075960023792472,3.695099646592748,39,53,0.1729860013325273
4.20668689450805,3.8104242679472895,25,123,7.654660030198749
4.028928496138002,1.7309453754357458,42,77,22.96876990229825
3.5764037456388302,2.0197808585071906,15,78,17.759035320441168
1.057594782743101,4.839066776967217,34,65,0.038769113596658016
4.399797580436527,1.0709333009603796,29,145,53.451762775511554
0.8647550679937771,4.369414625396736,17,144,0.037435191216466275
3.599397159348611,1.240363333316402,18,75,21.839760191157207
3.2273908921945202,4.7381445539979605,46,72,0.48742181395819506
0.7352279391142562,2.953740722179646,11,132,0.10485809678703467
2.77899504805245,1.6998998699134988,10,126,22.620097461932637
2.2132423851737775,5.492861023208208,23,128,0.08098518045787802
1.342708522629699,4.3919546539086385,10,157,0.09753281357164928
0.668909601239861,5.861551953951822,41,169,0.016395095481356477
3.1841956701426914,3.7601406473572925,12,128,1.284949751321415
0.8436173618204411,5.8115842150541015,22,159,0.026361996118057132
0.8764100583848239,4.199777875997391,50,133,0.04802167342080501
1.2088460558560392,1.2707148559741719,22,96,2.237872861748656
0.6141290062182829,1.3547626223615157,20,187,0.5995851952588533
2.9203783441303184,2.442973466657316,35,136,18.299451842466848
4.249642808763436,1.456659010678964,29,56,20.585099766890437
1.2567115990072328,3.737226951215064,28,173,0.24174270531392308
0.9574564183966339,2.099757365537635,14,128,0.3562899624517017
2.8896660522635367,2.262582326894764,41,62,8.160553174838544
0.8849078995881002,3.43088319046862,19,154,0.10621987150937628
2.2677893029879836,3.9629057327447934,37,180,0.38909727466551397
2.6352432323984933,1.2132359095374692,36,136,37.23477360701517
2.7006054789097536,1.1675948816687745,35,171,43.780773692533415
2.635576539852796,3.926801989859438,10,162,0.5544111703991698
4.524204297239814,1.718920856154737,28,135,43.108614437135
3.137483733438909,2.3001003890285547,33,187,18.251538196071778
0.9202594093042201,2.908701528685209,24,109,0.297120669483018
3.7139618676935067,2.731945524447451,14,192,31.19109397823921
3.661337926832006,1.5218694742808867,7,55,18.46654991769333
1.4204407485910335,1.7918545959462335,42,78,1.4620440446795768
3.521877417537283,2.4357707212047917,20,84,9.565828744730364
4.7083451323122425,2.6001352603852737,11,59,13.320629217015878
1.9845277678146747,4.812242312402945,19,166,0.1841827843458186
3.4481022328770363,2.381946717555783,43,85,14.702791856128584
0.9420601167595454,2.657339090824218,34,67,0.2765255071426671
3.291803983860427,1.6940120015076485,21,170,45.18293900190583
3.842015120864332,3.8894587650618684,46,54,2.551154260533883
1.0029480900755166,5.131493610049442,5,160,0.05656057580527029
3.0814453726500406,1.3956675868132136,21,65,20.36317612686117
3.0739930699268663,5.8138378756687334,45,200,0.2152062705218817
0.6633600173916776,4.834941985063049,45,107,0.008708448945684902
3.152584180011914,5.117186320210119,50,118,0.3706496353486629
3.0740650335907107,5.698360503319644,32,162,0.12671480340153154
0.7041822772263266,2.0505763267930086,16,63,0.6943730682670536
4.029385859714958,5.293424564170641,16,85,0.5127858004841536
4.45823141867886,1.667268126132613,46,78,24.950412160733517
3.3820399105399512,2.721024935714191,11,67,4.410950350379767
1.773307063671592,4.981178056290755,16,180,0.09263381389343121
3.0975956733714045,2.2420712701342245,39,138,18.346301511712404
1.597700555303795,5.823182268128756,11,176,0.05586826277793512
2.7861464931020983,2.3048665924743927,25,192,14.255951585329425
2.3365404904730718,1.5328814028244178,25,107,16.187971678114074
0.8904000255023069,4.150807885189969,40,107,0.104398031979323
4.614793644356923,4.341343586037879,48,124,6.790671862319615
4.038709036890193,1.3145356528691283,49,164,52.28311650420726
1.3083051074003054,4.198978753338171,22,70,0.3539086722160945
2.0423129658973598,3.6452927479956956,28,138,0.13296301533652483
2.9968670085434903,4.999829005755874,43,184,0.2149291226687584
4.300541082075898,4.201824735644461,50,90,1.6547048009102872
3.340105316427639,5.146065619679936,38,184,0.22081928677803248
0.5369317788947852,3.2355493549557126,37,154,0.017500881974124895
1.2094014289629735,5.611288029068827,19,105,0.03523361124586929
3.0304343555940116,1.437873442935866,50,85,19.64760860525137
3.784089224167501,3.4105678113488045,41,64,5.486529414102398
3.110219294381079,2.1379987415033304,35,173,23.496755076322454
1.9212688141581782,4.66126298614907,15,69,0.13036849997781438
4.240781742937404,4.718983855842666,9,119,0.7673105213384958
3.4807586797906613,2.7481863886617504,11,76,10.522705558820304
1.3443658728935435,2.269846184167492,34,192,0.4118905937042877
3.08178932008057,1.5865448136396418,18,161,34.28637050432589
0.7716330660056028,5.8527947621344545,23,167,0.009257286829246116
1.6171768108885094,5.463007757665396,50,171,0.08917486897395162
2.0604659999398285,1.9250356154598767,6,131,3.75365626986375
4.319931454728636,3.047840120025384,30,94,13.449115289846432
0.8549217138068055,2.4743785998233063,39,109,0.20067680109100222
2.2927330110274533,5.777105865075001,6,193,0.10853111279130295
4.593064206375413,2.272994140427495,39,192,44.25962745743617
0.7991065121177785,1.8133463949677122,37,155,0.792223147805837
2.09015834646592,3.2557034182673483,7,114,0.4442711127090611
1.1653463360451608,2.0049593730771322,24,93,0.6378549534384896
1.359416262528556,4.35242914935117,30,194,0.06030356190927382
1.4829142891880212,4.880818337409597,39,53,0.03043279329843618
3.162170847499027,5.1597927212002155,5,177,0.19130998143504846
0.928022756129361,2.7852420397211892,12,169,0.28153725517644884
4.808436451021908,2.468118811615527,22,128,33.057179790136146
4.667248939743081,3.690318637154724,33,196,22.51550197859874
3.2957864446611804,5.50833437776766,41,54,0.16472357800742968
3.482986596869409,5.4047406119205,37,99,0.15260731992253615
2.7074466182086576,1.2846460406366442,41,87,21.181070482985167
4.192307759210557,3.128807089231772,50,100,12.397841750689519
2.6646371805068623,2.67504267246633,36,162,3.7077517315388118
2.4270878660837756,1.9820860955529702,31,103,13.420636449762366
2.3517909329528726,5.599100986412577,20,149,0.16960822953138568
4.535202471434724,5.886351864947349,28,128,0.5066207713719063
2.5380031431088184,5.597150787881078,17,115,0.08226572134641588
3.213263136332666,1.8694490892561302,12,111,16.866375408414033
4.680334291766803,3.983762129388287,35,102,1.9967545571790355
4.8381622297601625,5.7630762636132875,14,64,0.44800474770859877
4.813093514012434,1.856574791693852,41,66,18.505576186904864
4.515531732242192,4.17443597847182,29,142,2.8870673266382725
3.6260327135203316,3.3687813778373608,23,63,1.8638258845721993
3.996127879357128,4.127775345335319,43,139,2.320721697152359
2.961238640881804,3.0245739256193995,39,118,2.0624586452135807
0.5316788729886199,3.1960827507743113,48,168,0.03545907315673213
3.7151997463154456,5.376532372599708,29,147,0.1989385625024411
4.2129140387348425,4.434480677093417,21,163,2.3164607922288862
3.055543212761157,3.622486692854353,19,84,2.8263362114458372
0.6066573433025773,2.759664245416947,32,190,0.07908639840951755
4.466531400968543,1.7530175998533433,23,90,33.363383183520476
4.766007717501374,5.423445954956749,6,108,1.4563902576595986
3.077008055763272,2.830322717552502,5,139,11.122443246662913
4.44499089449044,3.5581159979216057,23,65,5.011569320998958
3.4332394571341327,4.782632712509165,25,126,0.48064587944420967
3.933857758131471,1.5818555325562018,36,122,30.391575312043315
3.9797825189520384,2.2309755251355536,15,105,21.05134340488278
2.5075240502862144,4.709637406157652,39,142,0.20017232761630271
2.162480690839815,2.445015795761721,32,169,1.5505418352733524
1.837827834650218,5.542300334225847,38,116,0.09729248278877854
4.907484955743531,5.824602804110633,13,139,0.48645187889453917
3.6241210896157154,3.4447895199150738,37,67,9.19621426568814
4.2985511757755726,5.468391363513839,19,144,0.6764796475839656
2.764289769498232,1.2938106427332747,24,198,52.28613572793051
2.1946846203675143,1.705249343719464,22,149,18.14314921631315
0.7065936988972605,2.2966382113261785,19,80,0.1081264261325364
2.598351804235588,4.817381887706831,30,197,0.1721398863018793
1.109968072300492,3.3410494680042904,30,110,0.11844512343394321
2.2325780141005147,5.281698002830346,35,127,0.07980291701148154
0.9623806407268152,2.660304654209141,25,200,0.144562246861859
4.887301223111847,4.36547279129419,26,162,6.1067945749575205
3.0190890152847536,1.861735323967665,25,137,27.3248137875288
1.3057238941597697,5.375281507387443,12,187,0.05897891995803146
0.825633111987641,3.539828307670507,43,114,0.058627127125930656
1.03069426142052,2.821058031090783,49,125,0.07571544142286278
4.021259131437933,4.845300884707513,40,86,0.7519878645762477
2.0397860206194807,1.9571882550030097,43,162,10.343905458318886
2.0016546365487184,5.608398919912048,44,134,0.11019192295883352
1.5279211227295504,5.513226781203594,44,144,0.0578087250810304
4.406350448400611,4.154628939440819,42,178,10.48500583591084
2.7528429059526656,2.242705717993516,7,157,20.022935076610334
2.4136050763841412,4.179666471940888,19,95,0.34687622543910196
3.6048314925373957,2.704410479798008,44,59,5.829223654483578
2.0398010180940505,5.811466866669966,12,93,0.06041436933692312
2.825777150115887,4.128870485875423,45,128,0.48545543888258835
1.8489556340206883,3.92479355270248,31,142,0.5157378282671813
2.551482258898277,1.4828587938423605,6,103,24.722406063685135
4.816616923540559,1.5789924008051357,21,73,25.439074553168634
1.2767451514259949,4.278573601945195,6,53,0.14651869200143364
4.466255012166162,5.061938246365332,43,116,0.9229450636563354
3.295466726617427,3.309214090011225,25,90,1.5897319072811373
4.825936039951671,1.8037592452842857,19,196,63.574806629727114
2.4568159222518604,4.0967984130527935,44,117,0.5925136543198128
1.295884052005908,4.610587121751253,32,81,0.07842359124561245
2.4004544794694525,3.848077208859307,20,110,0.30061919013519456
4.015954612502821,2.6383042407743966,21,141,31.45228910310974
2.9887549774089774,3.167535939530181,36,120,1.6840204610806075
1.7136320708964599,4.93353559088869,9,160,0.1734399339316344
4.818499613423835,4.376810460399685,32,146,5.847744172247947
4.5381669978913575,1.3697096330279814,19,154,52.925742623996655
3.696695073390982,2.090641063890156,12,195,33.39038820845803
2.89853056633713,4.054309627219212,15,62,0.4402579588657493
0.8787345903426607,3.784972034564764,41,81,0.05828657267484053
1.8334346258328678,4.261946761482648,29,157,0.17809447346609472
4.9850297188130055,2.4345973153559957,6,111,30.28212170958122
1.476556530735583,3.330254891069192,36,77,0.05700947992158582
1.235023486346642,1.8893119061981203,14,198,0.6292836710405887
4.356518838064698,4.674508679995129,48,156,2.0818219205337045
1.8468258549074577,2.686920855243246,15,174,0.5364104923927463
4.21478215887614,3.390127598480916,29,80,8.84948197172339
1.5416290025863881,3.0455987128312754,19,171,0.27016548816983993
2.07491156227636,3.350148588108099,5,127,0.37145525572748456
1.1287354948533914,3.4443512100678078,39,148,0.09490627219471531
2.787097019604265,1.692479172663203,43,119,14.82589468073398
2.112575271611633,2.7654142906917385,32,159,0.9971601918642511
1.8047352111903536,1.8677368182715854,47,173,2.1044852390372504
2.7157427003971604,4.911106875015179,6,75,0.151793643869045
2.044891258823453,5.537956676878689,14,149,0.07870193121153386
3.7463905455094215,1.6973509959637862,23,85,24.48354712845963
2.077607205582752,4.231954181440876,20,188,0.173708675271114
2.5207593826679235,1.0039112928690495,39,175,50.08887857451633
0.8571334557803869,1.2701174964399282,22,129,0.8840040623182525
1.3094066535339681,5.220114416262871,38,186,0.05146352221105256
1.5438810906222677,4.918963362979,9,173,0.07678408641582778
2.6146786643711457,3.5460000117114063,49,114,0.46827235199752343
4.284796474165026,5.0062376309171555,9,97,0.7502680091831291
2.190174779516072,3.7309085172076335,9,191,0.3312834196442733
1.964641165282261,5.913511714601532,37,110,0.0728113712598951
1.6925759812624508,2.9361189641163117,33,116,0.3244990447717249
0.8867278716293063,3.35065022613266,16,157,0.10643277557220056
3.1461523226629757,1.5464443631783351,50,107,23.741287694666145
4.790641761078654,1.284083532075385,44,89,32.96466195301325
0.8136999445113301,4.683127555920539,18,181,0.016284153617194944
1.58016757026607,4.709684498272566,29,156,0.08252496803837772
2.6076217377753426,5.561820974238466,36,119,0.21773577358702398
3.2088637906250503,3.08540249845901,25,138,1.9360146955075461
3.5688686854418585,3.7245703622271398,30,177,2.4096280444396108
3.1004420055013187,1.0115048824167652,45,144,43.99693406063684
3.203424662210931,1.1552775126604495,8,197,66.12167866246077
4.112656754959943,3.23017672567087,11,102,4.191934061727532
1.0628949903770262,3.6701102363142977,33,83,0.0702037549799887
4.967208170630051,1.938571495735685,31,65,16.544012659959673
3.4311618091427847,2.940657851059438,40,167,13.855394069737983
